INSERT INTO "Departamentos" ("id_departamento","Nombre") VALUES 
(1, 'Casanare'), 
(2, 'Arauca'), 
(3, 'Boyacá'), 
(4, 'Cundinamarca'), 
(5, 'Meta'), 
(6, 'Norte de Santander'); 
-- Insertar datos en la Tabla Ciudades 
INSERT INTO "Ciudades" ("id_ciudad", "Nombre", "id_departamento") VALUES 
(1, 'San Luis De Gaceno', 1), 
(2, 'Yopal', 1), 
(3, 'Sacama', 1), 
(4, 'Hato Corozal', 1), 
(5, 'Pore', 1), 
(6, 'Paz De Ariporo', 1), 
(7, 'Aguazul', 1), 
(8, 'Monterrey', 1), 
(9, 'Villa Nueva', 1), 
(10, 'Tauramena', 1), 
(11, 'Saravena', 2), 
(12, 'Arauca', 2), 
(13, 'Arauquita', 2), 
(14, 'Panama', 2), 
(15, 'Fortul', 2), 
(16, 'Tame', 2), 
(17, 'Granada', 5), 
(18, 'Villavicencio', 5), 
(19, 'Lejanías', 5), 
(20, 'Acacías', 5), 
(21, 'Mesetas', 5), 
(22, 'Guamal', 5), 
(23, 'La Florida', 4), 
(24, 'La Calera', 4), 
(25, 'San Bernardo', 4), 
(26, 'La Cabrera', 4), 
(27, 'Soacha', 4), 
(28, 'Yacopí', 4), 
(29, 'La Botica', 4), 
(30, 'Mesitas del Colegio', 4), 
(31, 'San Antonio', 4), 
(32, 'San Juan del Sumapaz', 4), 
(33, 'Pacho', 4), 
(34, 'San Juan', 4), 
(35, 'San Gabriel', 4), 
(36, 'Arbeláez', 4), 
(37, 'Vianí', 4), 
(38, 'Viotá', 4), 
(39, 'San Mateo', 3), 
(40, 'Duitama', 3), 
(41, 'Jenesano', 3), 
(42, 'Moniquira', 3), 
(43, 'Samaca', 3), 
(44, 'Santana', 3), 
(45, 'Saboya', 3), 
(46, 'Guican', 3), 
(47, 'Raquira', 3), 
(48, 'Ramiriqui', 3), 
(49, 'Guateque', 3), 
(50, 'Puerto Boyaca', 3), 
(51, 'Cocuy', 3), 
(52, 'Pauna', 3), 
(53, 'Guacamayas', 3), 
(54, 'Paipa', 3), 
(55, 'Boavita', 3), 
(56, 'Chiscas', 3), 
(57, 'Chiquinquira', 3), 
(58, 'Garagoa', 3), 
(59, 'Muzo', 3), 
(60, 'Miraflores', 3), 
(61, 'Cerinza', 3), 
(62, 'Tibana', 3), 
(63, 'Pamplona', 6), 
(64, 'Ocaña', 6), 
(65, 'Cerrito', 6), 
(66, 'Chitaga', 6), 
(67, 'La Playa', 6), 
(68, 'Cúcuta', 6), 
(69, 'Presidente', 6); -- Insertar datos en la Tabla Sedes 
INSERT INTO "Sedes" ("id_sede", "Nombre", "Direccion", "id_ciudad") VALUES  
(1, 'SALITRE', 'Direccion Salitre', 1), 
(2, 'NORTE', 'Direccion Norte', 1); -- Insertar datos en la Tabla Módulos 
INSERT INTO "Modulos" ("id_modulo","Nombre","id_sede") VALUES 
(1,'3 Rojo',1), 
(2,'4 Verde',1), 
(3,'Modulo Taquillas',2), 
(4,'2 Azul',1), 
(5,'1 Amarillo',1); -- Insertar datos en la Tabla Tipo_empresa 
INSERT INTO "Tipo_empresa" ("id_tipo_empresa", "Nombre", "Descripcion") VALUES  
(1, 'Transporte', 'Empresas dedicadas al transporte'); -- Insertar datos en la Tabla Empresas 
INSERT INTO "Empresas" 
("id_empresa","Nombre","Telefono","Correo","Direccion","id_tipo_empresa") VALUES  
(1,'Libertadores (Autoboy-Sugamuxi
Coflonorte)','123456789','info@libertadores.com','Direccion Libertadores',1), 
(2,'Flota La Macarena','987654321','info@macarena.com','Direccion Macarena',1), 
(3,'Concorde','456789123','info@concorde.com','Direccion Concorde',1), 
(4,'Expreso Paz Del Rio','321654987','info@expreso.com','Direccion Expreso',1), 
(5,'Transportes Morichal','159753486','info@morichal.com','Direccion Morichal',1), 
(6,'Libertadores','1234567890','contacto@libertadores.com','Av. Principal # 12-34',1), 
(7,'Transipiales','0987654321','info@transipiales.com','Calle 23 # 45-67',1), 
(8,'Expreso Paz Del Rio','1122334455','atencion@expresopaz.com','Carrera 5 # 12-45',1), 
(9,'Expreso Del Sol (Transgalaxia)','321987654','contacto@transgalaxia.com','Calle 12 # 4
56',1), 
(10,'Transgacheta','310456789','servicio@transgacheta.com','Carrera 8 # 15-30',1), 
(11,'Flota Rio Negro','320789123','info@riorenegro.com','Av. Central # 45-67',1), 
(12,'Rápido Tolima','301987654','info@rapidotolima.com','Carrera 7 # 20-21',1), 
(13,'Cootransfomeque','302654789','cootransfomeque@gmail.com','Calle 8 # 9-22',1), 
(14,'Cootranssaguas','311258963','contacto@cootranssaguas.com','Av. Oriente # 14-16',1), 
(15,'Autofusa','314789654','servicio@autofusa.com','Calle 10 # 5-34',1), 
(16,'Transportes Alianza','316987321','atencion@alianza.com','Carrera 3 # 12-78',1), 
(17,'Expreso Gomeziña','317321456','info@gomezina.com','Calle 11 # 6-12',1), 
(18,'Copetran','315789123','info@copetran.com','Carrera 25 # 14-36',1), 
(19,'Autollanos','311456789','atencion@autollanos.com','Av. Sur # 5-45',1), 
(20,'Aimenia','310987456','servicio@aimenia.com','Calle 22 # 10-11',1), 
(21,'Expreso Bolivariano','312654789','info@bolivariano.com','Carrera 8 # 20-21',1), 
(22,'Taxmeta','313258964','atencion@taxmeta.com','Calle 5 # 9-40',1), 
(23,'Transportes Arimena','311369852','servicio@arimena.com','Av. Norte # 8-30',1), 
(24, 'Rápido Duitama', '3212731711', 'info@rapidoduitama.com', 'Dg. 23 #69-60', 1), 
(25, 'Los Delfines', '3126549871', 'contacto@losdelfines.com', 'Cl. 12 #45-67', 1), 
(26, 'Omega', '3208765432', 'atencion@omega.com', 'Av. 1a #34-56', 1), 
(27, 'Flota Aguila', '3119876543', 'info@flotaaguila.com', 'Cr. 7 #78-90', 1), 
(28, 'Flota Boyaca', '3223456789', 'contacto@flotaboyaca.com', 'Dg. 15 #25-40', 1), 
(29, 'Expreso Gaviota', '3106543219', 'info@expresogaviota.com', 'Cl. 6 #12-34', 1), 
(30, 'Rápido El Carmen', '3148765432', 'contacto@rapidocarmen.com', 'Av. 10 #23-45', 1), 
(31, 'Valle De Tenza', '3156543210', 'info@valledetenza.com', 'Cl. 4 #67-89', 1), 
(32, 'Flota Magdalena', '3204321987', 'atencion@flotamagdalena.com', 'Cr. 5 #11-22', 1), 
(33, 'Copetran', '3211234567', 'contacto@copetran.com', 'Dg. 19 #56-78', 1),  
(34,'Cotrans','3116547890','info@cotran.com','Dg. 15 #No 45-67',1),  
(35,'Expreso Los Comuneros','3109876543','info@comuneros.com','Dg. 4 #No 12-34',1); -- Insertar datos en la Tabla Tipo_empleado 
INSERT INTO "Tipo_empleado" ("id_tipo_empleado", "Nombre", "Descripcion") VALUES  
(1, 'Conductor', 'Responsable de conducir el bus'), 
(2, 'Mecánico', 'Encargado del mantenimiento de los buses'), 
(3, 'Supervisor', 'Supervisa las operaciones diarias'), 
(4, 'Administrador', 'Gestiona la empresa'), 
(5, 'Atención al cliente', 'Responsable de la atención al cliente'), 
(6, 'Cajero', 'Encargado de cobrar los boletos'), 
(7, 'Limpieza', 'Encargado de la limpieza del bus'), 
(8, 'Seguridad', 'Encargado de la seguridad en la terminal'), 
(9, 'Recepcionista', 'Encargado de la recepción de clientes'), 
(10, 'Auxiliar de mantenimiento', 'Asiste en el mantenimiento'), 
(11, 'Ingeniero de sistemas', 'Responsable del sistema de la empresa'), 
(12, 'Gerente', 'Dirige la empresa'), 
(13, 'Logística', 'Encargado de la planificación de rutas'), 
(14, 'Coordinador de viajes', 'Coordina la asignación de buses'), 
(15, 'Vendedor de boletos', 'Vende boletos a los pasajeros'), 
(16, 'Técnico de seguridad', 'Monitorea los sistemas de seguridad'), 
(17, 'Analista financiero', 'Gestiona las finanzas de la empresa'), 
(18, 'Encargado de relaciones públicas', 'Encargado de la comunicación externa'), 
(19, 'Encargado de control de calidad', 'Controla la calidad del servicio'), 
(20, 'Entrenador', 'Entrena a los conductores y personal'), 
(21, 'Planificador de rutas', 'Planifica rutas eficientes'), 
(22, 'Agente de ventas', 'Encargado de las ventas de servicios adicionales'), 
(23, 'Jefe de almacén', 'Gestiona los almacenes de repuestos'), 
(24, 'Operador de grúa', 'Encargado de mover vehículos en el terminal'), 
(25, 'Inspector', 'Realiza inspecciones de buses y personal'); -- Insertar datos en la Tabla Empleados 
INSERT INTO "Empleados" 
("cedula_empleado","Nombres","Apellidos","Telefono","Correo","id_ciudad_origen","id_ciud
 ad_residencia","id_tipo_empleado","id_sede") VALUES  
(1000000001,'Juan','Pérez','3001234567','juan.perez@example.com',1,2,1,1), 
(1000000002,'Ana','Gómez','3007654321','ana.gomez@example.com',2,3,2,1), 
(1000000003,'Carlos','López','3012345678','carlos.lopez@example.com',3,1,3,2), 
(1000000004,'Laura','Martínez','3018765432','laura.martinez@example.com',4,5,1,1), 
(1000000005,'Pedro','Ramírez','3023456789','pedro.ramirez@example.com',5,6,5,2), 
(1000000006,'Luis','Torres','3029876543','luis.torres@example.com',1,4,1,1), 
(1000000007,'María','Linares','3008765432','maria.linares@example.com',6,2,7,2), 
(1000000008,'Andrés','Salazar','3012340987','andres.salazar@example.com',2,3,8,1), 
(1000000009,'Paula','Rodríguez','3009876543','paula.rodriguez@example.com',3,4,9,2), 
(1000000010,'Jorge','Fernández','3024567890','jorge.fernandez@example.com',4,5,10,1), 
(1000000011,'Mónica','Santos','3018765432','monica.santos@example.com',5,1,1,2), 
(1000000012,'Camilo','Castro','3002345678','camilo.castro@example.com',6,2,12,1), 
(1000000013,'Luisa','Moreno','3029876543','luisa.moreno@example.com',1,3,13,2), 
(1000000014,'Claudia','Herrera','3013456789','claudia.herrera@example.com',2,4,14,1), 
(1000000015,'Sofía','Mejía','3022345678','sofia.mejia@example.com',3,5,1,2), 
(1000000016,'Felipe','Arango','3009876543','felipe.arango@example.com',4,6,1,1), 
(1000000017,'Elena','Ruiz','3019876543','elena.ruiz@example.com',5,1,17,2), 
(1000000018,'Manuel','Mendoza','3002345678','manuel.mendoza@example.com',6,2,1,1), 
(1000000019,'Daniela','Vargas','3024567890','daniela.vargas@example.com',1,3,19,2), 
(1000000020,'Gabriel','Bermúdez','3012345678','gabriel.bermudez@example.com',2,4,20,1
 ), 
(1012345678,'Carlos','Rodríguez','3111234567','carlos@empresa.com',3,5,1,1), 
(1023456789,'María','López','3109876543','maria@empresa.com',4,6,2,2), 
(98308136,'Juan','Pérez','3001234567','juan.perez@gmail.com',5,1,1,1),  
(98308137,'Ana','Gómez','3002345678','ana.gomez@gmail.com',6,2,2,1),  
(98308138,'Carlos','López','3003456789','carlos.lopez@gmail.com',1,3,6,1),  
(98308139,'Marta','Hernández','3004567890','marta.hernandez@gmail.com',2,4,4,1),  
(98308140,'Luis','Martínez','3005678901','luis.martinez@gmail.com',3,5,1,1),  
(98308141,'Sofía','Gutiérrez','3006789012','sofia.gutierrez@gmail.com',4,6,8,1),  
(98308142,'Fernando','Ramírez','3007890123','fernando.ramirez@gmail.com',5,1,20,1),  
(98308143,'Claudia','Torres','3008901234','claudia.torres@gmail.com',6,2,2,1),  
(98308144,'Ricardo','Moreno','3009012345','ricardo.moreno@gmail.com',1,3,12,1),  
(98308145,'Patricia','Reyes','3000123456','patricia.reyes@gmail.com',2,4,25,1),  
(98308146,'Diego','Vásquez','3001234560','diego.vasquez@gmail.com',3,5,13,1),  
(98308147,'Natalia','Salazar','3002345671','natalia.salazar@gmail.com',4,6,1,1),  
(98308148,'Juan','Cruz','3003456782','juan.cruz@gmail.com',5,1,1,1),  
(98308149,'Gabriela','Castillo','3004567893','gabriela.castillo@gmail.com',6,2,23,1),  
(98308150,'Jorge','Pérez','3005678904','jorge.perez@gmail.com',1,3,1,1),  
(98308151,'Valentina','Santos','3006789015','valentina.santos@gmail.com',2,4,5,1),  
(98308152,'David','Molina','3007890126','david.molina@gmail.com',3,5,1,1),  
(98308153,'Isabella','Cano','3008901237','isabella.cano@gmail.com',4,6,19,1),  
(98308154,'Andrés','Alvarez','3009012348','andres.alvarez@gmail.com',5,1,10,1),  
(98308155,'Camila','Vega','3000123459','camila.vega@gmail.com',6,2,1,1),  
(98308156,'Felipe','Lozano','3001234567','felipe.lozano@gmail.com',1,3,20,1),  
(98308157,'Carolina','Quintero','3002345678','carolina.quintero@gmail.com',2,4,11,1),  
(98308158,'Julio','Ríos','3003456789','julio.rios@gmail.com',3,5,1,1),  
(98308159,'Alejandra','Salas','3004567890','alejandra.salas@gmail.com',4,6,21,1),  
(98308160,'Eduardo','Aguirre','3005678901','eduardo.aguirre@gmail.com',5,1,22,1),  
(98308161,'Laura','Serrano','3006789012','laura.serrano@gmail.com',6,2,1,1),  
(98308162,'Santiago','Pachón','3007890123','santiago.pachon@gmail.com',1,3,14,1),  
(98308163,'Valeria','Chica','3008901234','valeria.chica@gmail.com',2,4,16,1),  
(98308164,'Nicolás','Salinas','3009012345','nicolas.salinas@gmail.com',3,5,19,1),  
(98308165,'Melissa','Ortega','3000123456','melissa.ortega@gmail.com',4,6,20,1),  
(98308166,'Sebastián','Cardenas','3001234560','sebastian.cardenas@gmail.com',5,1,21,1),  
(98308167,'Estefanía','Guerrero','3002345671','estefania.guerrero@gmail.com',6,2,1,1),  
(98308168,'Rafael','Sampayo','3003456782','rafael.sampayo@gmail.com',1,3,1,1); -- Insertar datos en la Tabla Tipo_bus 
INSERT INTO "Tipo_bus" ("id_tipo_bus", "Nombre") VALUES  
(1, 'Preferencial - Servicio de Lujo'), 
(2, 'Bus'), 
(3, 'Bus - Servicio de Lujo'), 
(4, 'Doble Yo'), 
(5, 'Básico'), 
(6, 'Lujo'); -- Insertar datos en la Tabla Buses 
INSERT INTO "Buses" 
("Placa","Marca","Capacidad","id_tipo_bus","id_empresa","id_empleado") VALUES  
('PQR678','Scania',50,1,1,NULL), 
('STU901','Volvo',40,2,2,NULL), 
('VWX234','Hyundai',35,2,3,NULL), 
('YZA567','Mercedes',30,4,2,NULL), 
('BCD890','Isuzu',28,3,3,NULL), 
('EFG123','Chevrolet',25,4,4,NULL), 
('HIJ456','Toyota',45,1,4,NULL), 
('KLM789','Mercedes',40,2,5,NULL), 
('NOP012','Volvo',20,3,1,NULL), 
('QRS345','Scania',55,1,3,NULL), 
('TUV678','Iveco',60,1,1,NULL), 
('WXY901','Renault',45,2,2,NULL), 
('ZAB234','Kia',50,4,3,NULL), 
('CDE567','Hino',30,3,4,NULL), 
('FGH910','Nissan',35,2,5,NULL), 
('XYZ123','Mercedes',45,1,1,1012345678), 
('ABC456','Volvo',50,2,2,1023456789), 
('ZRT438','Mercedes-Benz',50,1,1,98308141), 
('KTP905','Volvo',40,2,1,98308147), 
('XQW781','Iveco',60,3,1,98308148), 
('MNV267','Scania',50,1,1,98308151), 
('QWY463','Renault',35,2,1,98308155), 
('FGH890','Chevrolet',20,1,1,98308161), 
('YKU546','DAF',28,3,1,98308167), 
('PQR562','Golden Dragon',35,2,1,98308168), 
('WVF739','Setra',60,3,1,98308158); -- Insertar datos en la Tabla Paradas_intermedias 
INSERT INTO "Paradas_intermedias" ("id_parada","Nombre_parada","id_ciudad") VALUES  
(1,'Parada San Luis De Gaceno',1), 
(2,'Parada Yopal',2), 
(3,'Parada Sacama',3), 
(4,'Parada Hato Corozal',4), 
(5,'Parada Pore',5), 
(6,'Parada Paz De Ariporo',6), 
(7,'Parada Aguazul',7), 
(8,'Parada Monterrey',8), 
(9,'Parada Villa Nueva',9), 
(10,'Parada Tauramena',10), 
(11,'Saravena',1), 
(12,'Fortul',5), 
(13,'Arauquita',3), 
(14,'Saravena',1), 
(15, 'Parada Villavicencio', 18), 
(16, 'Parada Granada', 17), 
(17, 'Parada Acacías', 20), 
(18, 'Parada Mesetas', 21), 
(19, 'Parada Guamal', 22), 
(20, 'Parada Soacha', 27), 
(21, 'Parada La Calera', 24), 
(22, 'Parada San Antonio', 31), 
(23, 'Parada Pacho', 33), 
(24, 'Parada Vianí', 37), 
(25,'San Mateo',39), 
(26,'Duitama',40), 
(27,'Ramiriqui',48), 
(28,'Guacamayas',53), 
(29,'Cocuy',51), 
(30,'Chiscas',56), 
(31,'Pamplona',63), 
(32,'Ocaña',64), 
(33,'Chiquinquirá',57), 
(34,'Garagoa',58), 
(35,'La Playa',67), 
(36,'Cúcuta',68), 
(37,'Presidente',69), 
(38,'Moniquira',42), 
(39,'Samaca',46), 
(40,'Guateque',49); -- Insertar datos en la Tabla Rutas 
INSERT INTO "Rutas" ("id_ruta", "Nombre", "id_paradas_intermedias") VALUES  
(1, 'Ruta San Luis De Gaceno - Yopal', 1), 
(2, 'Ruta Sacama - Hato Corozal', 2), 
(3, 'Ruta Pore - Paz De Ariporo', 3), 
(4, 'Ruta Aguazul - Monterrey', 4), 
(5, 'Ruta Villa Nueva - Tauramena', 5), 
(6, 'Tame - Arauquita', 1), 
(7, 'Arauca - Panama', 3), 
(8, 'Arauquita - Fortul', 1), 
(9, 'Saravena - Fortul', 2), 
(10, 'Arauca - Tame', 3), 
(11, 'Ruta Villavicencio - Granada', 15), 
(12, 'Ruta Villavicencio - Acacías', 17), 
(13, 'Ruta Villavicencio - Mesetas', 18), 
(14, 'Ruta Villavicencio - Guamal', 19), 
(15, 'Ruta Granada - Acacías', 17), 
(16, 'Ruta Soacha - La Calera', 20), 
(17, 'Ruta La Calera - San Antonio', 21), 
(18, 'Ruta San Juan del Sumapaz - Pacho', 22), 
(19, 'Ruta Pacho - San Gabriel', 23), 
(20, 'Ruta Vianí - Viotá', 24), 
(21, 'Ruta San Luis De Gaceno - San Mateo', 25), 
(22, 'Ruta Duitama - Tunja', 26), 
(23, 'Ruta Ramiriqui - Chiquinquirá', 27), 
(24, 'Ruta Guacamayas - San Mateo', 28), 
(25, 'Ruta Cocuy - La Playa', 29), 
(26, 'Ruta Chiscas - Ocaña', 30), 
(27, 'Ruta Pamplona - Cúcuta', 31), 
(28, 'Ruta Ocaña - Presidente', 32), 
(29, 'Ruta Chiquinquirá - Garagoa', 33), 
(30, 'Ruta Garagoa - Duitama', 34), 
(31, 'Ruta La Playa - Moniquira', 35), 
(32, 'Ruta Cúcuta - Ramiriqui', 36), 
(33, 'Ruta Presidente - Samaca', 37), 
(34, 'Ruta Duitama - Guateque', 38), 
(35, 'Ruta San Mateo - Cocuy', 39), 
(36, 'Ruta Ramiriqui - Chiscas', 40); -- Insertar datos en la Tabla Destinos 
INSERT INTO "Destinos" 
("id_destino","Nombre","id_modulo","id_ciudad_origen","id_ciudad_destino") VALUES  
(1,'San Luis De Gaceno',1,1,1), 
(2,'Yopal',1,1,2), 
(3,'Sacama',1,1,3), 
(4,'Hato Corozal',1,1,4), 
(5,'Pore',1,1,5), 
(6,'Paz De Ariporo',1,1,6), 
(7,'Aguazul',1,1,7), 
(8,'Monterrey',1,1,8), 
(9,'Villa Nueva',1,1,9), 
(10,'Tauramena',1,1,10), 
(11,'Saravena',1,2,1), 
(12,'Arauca',2,2,2), 
(13,'Arauquita',1,2,3), 
(14,'Panama',1,2,4), 
(15,'Fortul',1,2,5), 
(16,'Tame',2,2,6), 
(17, 'Granada', 5, 1, 1),   
(18, 'Villavicencio', 5, 1, 2),   
(19, 'Lejanías', 5, 1, 3),   
(20, 'Acacías', 5, 1, 4),   
(21, 'Mesetas', 5, 1, 5),   
(22, 'Guamal', 5, 1, 6),   
(23, 'La Florida', 4, 1, 7),   
(24, 'La Calera', 4, 1, 8),   
(25, 'San Bernardo', 4, 1, 9),   
(26, 'La Cabrera', 4, 1, 1),   
(27, 'Soacha', 4, 1, 2),   
(28, 'Yacopí', 4, 1, 3),   
(29, 'La Botica', 4, 1, 4),   
(30, 'Mesitas del Colegio', 4, 1, 5),   
(31, 'San Antonio', 4, 1, 6),   
(32, 'San Juan del Sumapaz', 4, 1, 7),   
(33, 'Pacho', 4, 1, 8),   
(34, 'San Juan', 4, 1, 9),   
(35, 'San Gabriel', 4, 1, 1),   
(36, 'Arbeláez', 4, 1, 2),   
(37, 'Vianí', 4, 1, 3),   
(38, 'Viotá', 4, 1, 4), 
(39, 'Ramiriqui', 1, 3, 48), 
(40, 'San Mateo', 1, 3, 39), 
(41, 'Duitama', 1, 3, 40), 
(42, 'Tibana', 1, 3, 62), 
(43, 'Guacamayas', 1, 3, 53), 
(44, 'Moniquira', 1, 3, 42), 
(45, 'Muzo', 1, 3, 59), 
(46, 'Samaca', 1, 3, 43), 
(47, 'Chiscas', 1, 3, 56), 
(48, 'Puerto Boyaca', 1, 3, 50), 
(49, 'Cerinza', 1, 3, 61), 
(50, 'Boavita', 1, 3, 55), 
(51, 'Miraflores', 1, 3, 60), 
(52, 'Guateque', 1, 3, 49), 
(53, 'Jenesano', 3, 3, 41), 
(54, 'Santana', 3, 3, 44), 
(55, 'Saboya', 3, 3, 45), 
(56, 'Guican', 3, 3, 46), 
(57, 'Raquira', 3, 3, 47), 
(58, 'Cocuy', 3, 3, 51), 
(59, 'Pauna', 3, 3, 52), 
(60, 'Paipa', 3, 3, 54), 
(61, 'Chiquinquira', 3, 3, 57), 
(62, 'Garagoa', 3, 3, 58), 
(63, 'Miraflores', 3, 3, 60), 
(64, 'Cerinza', 3, 6, 61), 
(65, 'Pamplona', 1, 6, 63), 
(66, 'Ocaña', 1, 6, 64), 
(67, 'Cerrito', 1, 6, 65), 
(68, 'Chitaga', 1, 6, 66), 
(69, 'La Playa', 1, 6, 67), 
(70, 'Cúcuta', 1, 6, 68), 
(71, 'Presidente', 1, 6, 69); -- Insertar datos en la Tabla Detalle_Destinos_Rutas 
INSERT INTO "Detalle_Destinos_Rutas" ("id_destino","id_ruta") VALUES  
(1,1), 
(2,1), 
(3,2), 
(4,2), 
(5,3), 
(6,3), 
(7,4), 
(8,4), 
(9,5), 
(10,5), 
(1,6), 
(2,7), 
(3,8), 
(4,9), 
(5,10), 
(17, 11), 
(18, 11), 
(19, 12), 
(20, 12), 
(21, 13), 
(22, 13), 
(23, 14), 
(24, 14), 
(25, 15), 
(26, 15), 
(27, 16), 
(28, 17), 
(29, 18), 
(30, 19), 
(31, 20), 
(39, 21), 
(40, 22), 
(41, 22), 
(42, 31), 
(43, 24), 
(44, 31), 
(45, 34), 
(46, 36), 
(47, 23), 
(48, 21), 
(49, 34), 
(50, 35), 
(51, 25), 
(52, 34), 
(53, 24), 
(54, 34), 
(55, 35), 
(56, 36), 
(57, 23), 
(58, 29), 
(59, 28), 
(60, 31), 
(61, 22), 
(62, 36), 
(63, 27), 
(64, 28), 
(65, 28), 
(66, 27), 
(67, 27), 
(68, 27), 
(69, 27), 
(70, 32), 
(71, 28); -- Insertar datos en la Tabla Detalle_Buses_Rutas 
INSERT INTO "Detalle_Buses_Rutas" ("id_destino","id_bus") VALUES  
(1,'PQR678'), 
(2,'STU901'), 
(3,'VWX234'),  
(4,'YZA567'), 
(5,'BCD890'), 
(6,'EFG123'), 
(7,'HIJ456'), 
(8,'KLM789'), 
(9,'NOP012'), 
(10,'QRS345'), 
(11,'XYZ123'), 
(12,'ABC456'), 
(39, 'ZRT438'), 
(41, 'KTP905'), 
(44, 'XQW781'), 
(48, 'MNV267'), 
(52, 'QWY463'), 
(56, 'FGH890'), 
(60, 'YKU546'), 
(63, 'PQR562'), 
(67, 'WVF739'); -- Insertar datos en la Tabla Tipo_cliente 
INSERT INTO "Tipo_cliente" ("id_tipo_cliente", "Nombre", "Descripcion") VALUES  
(1, 'Individual', 'Cliente individual que compra boletos para su uso personal.'), 
(2, 'Corporativo', 'Cliente empresarial que compra boletos para sus empleados.'), 
(3, 'Turista', 'Cliente que viaja por turismo.'), 
(4, 'Estudiante', 'Cliente que presenta identificación de estudiante.'), 
(5, 'Mayorista', 'Cliente que compra boletos en grandes cantidades.'), 
(6, 'Agencia de Viajes', 'Cliente que compra boletos en nombre de sus clientes.'), 
(7, 'Regular', 'Cliente habitual de la empresa.'), 
(8, 'VIP', 'Cliente que recibe beneficios exclusivos.'), 
(9, 'Socio', 'Cliente que tiene un acuerdo comercial con la empresa.'), 
(10, 'Familiar', 'Cliente que viaja en grupo familiar.'), 
(11, 'Menores', 'Cliente que viaja con descuento por ser menor de edad.'), 
(12, 'Adulto Mayor', 'Cliente que tiene descuentos por ser mayor de 60 años.'), 
(13, 'Turismo de Aventura', 'Cliente que busca experiencias de aventura.'), 
(14, 'Grupo', 'Cliente que viaja en grupos grandes.'), 
(15, 'Cultural', 'Cliente que participa en actividades culturales.'), 
(16, 'Banda Escolar', 'Cliente que viaja con un grupo escolar.'), 
(17, 'Comunidad Indígena', 'Cliente que pertenece a una comunidad indígena.'), 
(18, 'Beneficiario de Subsidio', 'Cliente que viaja con subsidios.'), 
(19, 'Invidente', 'Cliente que tiene beneficios por su condición.'), 
(20, 'Viajes de Negocios', 'Cliente que viaja por motivos laborales.'); -- Insertar datos en la Tabla Cliente 
INSERT INTO "Cliente" ("id_cliente", "Nombres", "Apellidos", "Telefono", "Correo", 
"id_tipo_cliente", "id_ciudad_origen", "id_ciudad_residencia") VALUES 
(1, 'Juan', 'Pérez', '3111234567', 'juanperez@mail.com', 1, 1, 2), 
(2, 'Maria', 'Gómez', '3112345678', 'mariagomez@mail.com', 2, 2, 3), 
(3, 'Carlos', 'Lopez', '3113456789', 'carloslopez@mail.com', 3, 3, 4), 
(4, 'Laura', 'Martínez', '3114567890', 'lauramartinez@mail.com', 4, 4, 5), 
(5,'Pedro','Jiménez','3115678901','pedrojimenez@mail.com',1,5,1), 
(6,'Ana','Torres','3116789012','anatorres@mail.com',2,1,2), 
(7,'Luis','Ramírez','3117890123','luisramirez@mail.com',3,2,3), 
(8,'Elena','Hernández','3118901234','elenahernandez@mail.com',4,3,4), 
(9,'Sofia','Castillo','3119012345','sofiacastillo@mail.com',5,4,5), 
(10,'Jorge','Salazar','3110123456','jorgesalazar@mail.com',1,5,1), 
(11,'Valentina','Cruz','3111234568','valentinacruz@mail.com',2,1,2), 
(12,'Andrés','Núñez','3112345679','andresnunez@mail.com',3,2,3), 
(13,'Isabella','Ríos','3113456780','isabellarios@mail.com',4,3,4), 
(14,'Diego','Córdoba','3114567891','diegocordoba@mail.com',5,4,5), 
(15,'Camila','Mora','3115678902','camilamora@mail.com',1,5,1), 
(16,'Sebastián','Salas','3116789013','sebastiansalas@mail.com',2,1,2), 
(17,'Gabriela','Figueroa','3117890124','gabrielafigueroa@mail.com',3,2,3), 
(18,'Fernando','López','3118901235','fernandolopez@mail.com',4,3,4), 
(19,'Natalia','Vargas','3119012346','natyvargas@mail.com',5,4,5), 
(20,'Ricardo','Reyes','3110123457','ricardoreyes@mail.com',1,5,1), 
(21,'Santiago','Gómez','3123456789','pedro@correo.com',1,2,2), 
(22,'Camila','Torres','3201234567','camitorres@mail.com',2,3,4), 
(23,'Alejandro','Martínez','3112345678','alejandrom@mail.com',3,4,2), 
(24,'Luisa','Fernández','3159876543','luisafer@mail.com',4,5,3), 
(25,'Andrés','Pérez','3198765432','andresperez@mail.com',5,2,5), 
(26,'Valentina','Ramírez','3107654321','valenramirez@mail.com',2,1,4), 
(27,'David','López','3118765432','davidlopez@mail.com',3,5,2), 
(28,'Daniela','Castro','3186549870','danicas@mail.com',4,3,1), 
(29,'Sofía','Hernández','3145678901','sofiahernandez@mail.com',5,4,5),  
(30, 'Julián', 'Rodríguez', '3120987654', 'julianr@mail.com', 1, 3, 2); -- Insertar datos en la Tabla Tipo_mantenimiento 
INSERT INTO "Tipo_mantenimiento" ("id_tipo_mantenimiento","Nombre","Descripcion") 
VALUES  
(1,'Revisión General','Mantenimiento preventivo general del bus.'), 
(2,'Cambio de Aceite','Cambio del aceite del motor y revisión.'), 
(3,'Revisión de Frenos','Verificación y ajuste de los frenos.'), 
(4,'Mantenimiento de Neumáticos','Revisión y cambio de neumáticos.'), 
(5,'Limpieza Interior','Limpieza profunda del interior del bus.'), 
(6,'Revisión de Luces','Chequeo y reemplazo de luces dañadas.'), 
(7,'Mantenimiento de Aire Acondicionado','Revisión y recarga del aire acondicionado.'), 
(8,'Revisión de Motor','Chequeo completo del motor del bus.'), 
(9,'Inspección de Seguridad','Inspección de todos los sistemas de seguridad.'), 
(10,'Revisión de Transmisión','Chequeo y mantenimiento de la transmisión.'), 
(11,'Cambio de Batería','Reemplazo de la batería si es necesario.'), 
(12,'Revisión de Suspensión','Chequeo del sistema de suspensión.'), 
(13,'Revisión de Dirección','Verificación del sistema de dirección.'), 
(14,'Revisión de Radiador','Chequeo y limpieza del radiador.'), 
(15,'Reemplazo de Filtros','Cambio de filtros de aire y combustible.'), 
(16,'Mantenimiento de Sistemas Eléctricos','Revisión del sistema eléctrico.'), 
(17,'Revisión de Sistema de Escape','Chequeo del sistema de escape.'), 
(18,'Revisión de Ejes','Verificación del estado de los ejes.'), 
(19,'Mantenimiento de Cajas','Revisión y mantenimiento de la caja del bus.'), 
(20,'Revisión de Equipamiento','Chequeo del equipamiento del bus.'); -- Insertar datos en la Tabla Mantenimientos 
INSERT INTO "Mantenimientos" 
("id_mantenimiento","Descripcion","Fecha_mantenimiento","id_tipo_mantenimiento","id_b
 us") VALUES (1,'Cambio de aceite','2024-01-15',2,'PQR678'), 
(2,'Revisión de frenos','2024-01-20',1,'STU901'), 
(3,'Cambio de llantas','2024-02-01',1,'VWX234'), 
(4,'Revisión de motor','2024-02-10',2,'YZA567'), 
(5,'Limpieza de sistema de refrigeración','2024-02-15',1,'BCD890'), 
(6,'Revisión de dirección','2024-02-25',2,'EFG123'), 
(7,'Cambio de filtros','2024-03-01',1,'HIJ456'), 
(8,'Revisión de luces','2024-03-05',2,'KLM789'), 
(9,'Ajuste de frenos','2024-03-15',1,'NOP012'), 
(10,'Chequeo de suspensión','2024-03-20',2,'QRS345'), 
(11,'Cambio de aceite','2024-04-01',1,'TUV678'), 
(12,'Revisión de frenos','2024-04-05',2,'WXY901'), 
(13,'Cambio de llantas','2024-04-10',1,'ZAB234'), 
(14,'Revisión de motor','2024-04-15',2,'FGH890'), 
(15,'Cambio de aceite','2024-10-01',1,'XYZ123'); -- Insertar datos en la Tabla Metodo_pago 
INSERT INTO "Metodo_pago" ("id_metodo_pago","Nombre") VALUES  
(1,'Efectivo'), 
(2,'Tarjeta de Crédito'), 
(3,'Tarjeta de Débito'), 
(4,'Transferencia Bancaria'), 
(5,'Billetera Electrónica'), 
(6,'Cheque'), 
(7,'Pago a Plazos'), 
(8,'Pago por Suscripción'), 
(9,'Crédito Directo'), 
(10,'Vale de Descuento'), 
(11,'Gift Card'), 
(12,'Pago por Móvil'), 
(13,'Pago con Puntos'), 
(14,'Pago por QR'), 
(15,'Pago Internacional'), 
(16,'Financiación'), 
(17,'Abono'), 
(18,'Pago con Préstamo'), 
(19,'Pago por Tarjeta Prepagada'); -- Insertar datos en la Tabla Seguro 
INSERT INTO "Seguro" ("id_seguro", "Nombre", "Descripcion", "id_empresa") VALUES  
(1, 'Seguro de responsabilidad civil', 'Cobertura por daños a terceros', 1), 
(2, 'Seguro a todo riesgo', 'Cobertura total del vehículo', 2), 
(3, 'Seguro contra robos', 'Protección en caso de robo', 3), 
(4, 'Seguro de accidentes', 'Cobertura por accidentes de pasajeros', 4), 
(5, 'Seguro de daños a la propiedad', 'Cobertura por daños a la propiedad de terceros', 5), 
(6, 'Seguro de salud para pasajeros', 'Cobertura médica para pasajeros', 1), 
(7, 'Seguro de responsabilidad civil', 'Cobertura por daños a terceros', 2), 
(8, 'Seguro a todo riesgo', 'Cobertura total del vehículo', 3), 
(9, 'Seguro contra robos', 'Protección en caso de robo', 4), 
(10, 'Seguro de accidentes', 'Cobertura por accidentes de pasajeros', 5), 
(11, 'Seguro Básico', 'Cobertura de accidentes', 1); -- Insertar datos en la Tabla Viajes 
INSERT INTO "Viajes" 
("id_viaje","Fecha_salida","Valor","id_bus","id_conductor","id_ruta","id_ciudad_origen","id_ci
 udad_destino") VALUES  
(1,'2024-06-01 08:00:00',100,'PQR678',1000000001,1,1,2), 
(2,'2024-06-01 09:00:00',150,'STU901',1000000002,2,3,4), 
(3,'2024-06-01 10:00:00',200,'VWX234',1000000003,3,5,1), 
(4,'2024-06-01 11:00:00',250,'YZA567',1000000004,4,2,3), 
(5,'2024-06-01 12:00:00',300,'BCD890',1000000005,5,4,5), 
(6,'2024-06-02 08:30:00',120,'EFG123',1000000010,1,1,2), 
(7,'2024-06-02 09:45:00',140,'HIJ456',1000000011,2,3,4), 
(8,'2024-06-02 10:15:00',180,'KLM789',1000000012,3,5,1), 
(9,'2024-06-02 11:00:00',260,'NOP012',1000000013,4,2,3), 
(10,'2024-06-02 12:00:00',310,'QRS345',1000000014,5,4,5), 
(11,'2024-06-03 08:00:00',130,'TUV678',1000000015,1,1,2), 
(12,'2024-06-03 09:00:00',155,'WXY901',1000000016,2,3,4), 
(13,'2024-06-03 10:30:00',210,'ZAB234',1000000017,3,5,1), 
(14,'2024-06-03 11:30:00',270,'CDE567',1000000018,4,2,3), 
(15,'2024-06-03 12:30:00',320,'FGH890',1000000019,5,4,5), 
(16, '2024-10-14', 150, 'ZRT438', 98308141, 21, 39, 39), 
(17, '2024-10-14', 200, 'KTP905', 98308147, 22, 40, 40), 
(18, '2024-10-14', 300, 'XQW781', 98308148, 23, 41, 57), 
(19, '2024-10-14', 150, 'MNV267', 98308151, 24, 42, 39), 
(20, '2024-10-14', 150, 'FGH890', 98308161, 25, 43, 51), 
(21, '2024-10-14', 150, 'PQR562', 98308168, 26, 44, 56), 
(22, '2024-10-14', 300, 'WVF739', 98308158, 27, 46, 64), 
(23, '2024-10-14', 150, 'YKU546', 98308167, 28, 45, 63), 
(24, '2024-10-14', 200, 'QWY463', 98308155, 29, 47, 58); -- Insertar datos en la Tabla Boletos 
INSERT INTO "Boletos" ("id_boleto", "Numero_asiento", "id_destino", "id_empresa", 
"id_bus", "id_ruta") VALUES  
(1, 1, 1, 1, 'PQR678', 1), 
(2, 2, 2, 1, 'PQR678', 1), 
(3, 1, 3, 2, 'STU901', 2), 
(4, 4, 4, 2, 'STU901', 2), 
(5, 5, 5, 3, 'VWX234', 3), 
(6, 6, 6, 4, 'YZA567', 4), 
(7, 7, 7, 5, 'KLM789', 1), 
(8, 8, 8, 3, 'BCD890', 3), 
(9, 9, 9, 4, 'EFG123', 4), 
(10, 10, 10, 5, 'NOP012', 1), 
(11, 15, 1, 1, 'XYZ123', 1), 
(12, 5, 39, 1, 'ZRT438', 21), 
(13, 10, 40, 1, 'KTP905', 22), 
(14, 3, 41, 2, 'XQW781', 23), 
(15, 8, 42, 2, 'MNV267', 24), 
(16, 2, 43, 2, 'QWY463', 25), 
(17, 7, 44, 3, 'FGH890', 26), 
(18, 6, 45, 3, 'YKU546', 27), 
(19, 1, 46, 4, 'PQR562', 28), 
(20, 12, 47, 5, 'WVF739', 29); -- Insertar datos en la Tabla Equipaje 
INSERT INTO "Equipaje" ("id_equipaje","Peso","Descripcion","id_cliente","id_boleto") 
VALUES  
(1,15,'Maleta de viaje',1,1), 
(2,20,'Mochila',1,2), 
(3,10,'Bolso de mano',2,3), 
(4,25,'Maleta de ruedas',2,4), 
(5,18,'Cámara de viaje',3,5), 
(6,22,'Bolsas de compras',3,6), 
(7,30,'Equipaje deportivo',4,7), 
(8,12,'Bolsa de ropa',4,8), 
(9,15,'Laptop y accesorios',5,9), 
(10,20,'Maleta pequeña',5,10), 
(11,17,'Caja de frutas',1,1), 
(12,19,'Equipos de fotografía',1,2), 
(13,13,'Saco de dormir',2,3), 
(14,24,'Maleta de herramientas',2,4), 
(15,21,'Bolsa de comida',3,5), 
(16,16,'Maleta de ropa',3,6), 
(17,14,'Caja de juguetes',4,7), 
(18,12,'Maleta de cosméticos',4,8), 
(19,23,'Equipaje de esquí',5,9), 
(20,26,'Maleta de cabina',5,10), 
(21,15,'Maleta grande',1,1), 
(22,20,'Bolso de mano',2,2), 
(23,18,'Maletín de mano',1,1), 
(24,22,'Caja de cartón',2,2), 
(25,10,'Mochila',1,1), 
(26,25,'Bolso de viaje',2,2), 
(27,23.5,'Maleta negra',1,1), 
(28,12.5,'Mochila azul',1,12), 
(29,13.0,'Bolso de mano',1,13), 
(30,15.3,'Maleta gris',1,14), 
(31,18.7,'Bolso pequeño',1,15), 
(32,22.4,'Mochila negra',1,16), 
(33,24.9,'Bolso marrón',1,17), 
(34,19.2,'Maleta de viaje',1,18), 
(35,16.8,'Bolsa deportiva',1,19), 
(36,20.1,'Cartera',1,20); -- Insertar datos en la Tabla Factura 
INSERT INTO "Factura" 
("id_factura","Fecha_facturacion","Valor_total","id_cliente","id_empleado","id_boleto","id_se
 guro","id_equipaje","id_viaje","id_metodo_pago") VALUES  
(1,'2024-06-02 12:00:00',120,1,1000000001,1,1,1,6,2), 
(2,'2024-06-02 13:00:00',140,2,1000000002,2,2,2,7,1), 
(3,'2024-06-03 14:00:00',180,3,1000000003,3,3,3,8,3), 
(4,'2024-06-03 15:00:00',260,4,1000000004,4,4,4,9,4), 
(5,'2024-06-03 16:00:00',310,5,1000000005,5,5,5,10,5), 
(6,'2024-06-04 12:00:00',130,6,1000000006,6,6,6,11,1), 
(7,'2024-06-04 13:00:00',155,7,1000000007,7,7,7,12,2), 
(8,'2024-06-04 14:00:00',210,8,1000000008,8,8,8,13,3), 
(9,'2024-06-04 15:00:00',270,9,1000000009,9,9,9,14,4), 
(10,'2024-06-04 16:00:00',320,10,1000000010,10,10,10,15,5), 
(11,'2024-10-15',75000,30,1012345678,1,1,27,24,1), 
(12,'2024-10-14 12:00:00',120,29,98308142,1,1,28,23,2), 
(13,'2024-10-14 12:30:00',150,28,98308142,2,2,29,22,3), 
(14,'2024-10-14 14:00:00',200,27,98308142,3,3,30,21,4), 
(15,'2024-10-14 10:15:00',250,26,98308142,4,4,31,20,5), 
(16,'2024-10-14 09:00:00',300,25,98308142,5,5,32,19,6), 
(17,'2024-10-14 16:45:00',180,24,98308142,6,6,33,18,7), 
(18,'2024-10-14 11:20:00',220,23,98308142,7,7,34,17,8), 
(19,'2024-10-14 15:10:00',140,22,98308142,8,8,35,16,9), 
(20,'2024-10-14 13:30:00',160,21,98308142,9,9,36,15,10);