INSERT INTO Departamentos (id_departamento, Nombre) VALUES 
(1, 'Risaralda'),
(2, 'Quindio'),
(3, 'Nariño'),
(4, 'Chocó'),
(5, 'Caldas'),
(6, 'Valle del Cauca'),
(7, 'Cauca');

INSERT INTO Ciudades (id_ciudad, Nombre, id_departamento) VALUES 
(1, 'Pereira', 1),
(2, 'Dosquebradas', 1),
(3, 'Santa Rosa de Cabal', 1),
(4, 'Armenia', 2),
(5, 'Montenegro', 2),
(6, 'La Tebaida', 2),
(7, 'Pasto', 3),
(8, 'Ipiales', 3),
(9, 'Tumaco', 3),
(10, 'Quibdó', 4),
(11, 'Istmina', 4),
(12, 'Bahía Solano', 4),
(13, 'Manizales', 5),
(14, 'Villamaría', 5),
(15, 'Chinchiná', 5),
(16, 'Cali', 6),
(17, 'Palmira', 6),
(18, 'Buenaventura', 6),
(19, 'Popayán', 7),
(20, 'Santander de Quilichao', 7),
(21, 'Guapi', 7),
(22, 'La Virginia', 1),
(23, 'Filandia', 2),
(24, 'Tuluá', 6),
(25, 'Riosucio', 5),
(26, 'Cartago', 6),
(27, 'Anserma', 5),
(28, 'El Tambo', 7),
(29, 'El Carmen de Viboral', 1),
(30, 'La Unión', 2);
INSERT INTO Sedes (id_sede, Nombre, Direccion, id_ciudad) VALUES 
(1, 'SALITRE', 'Direccion Salitre', 1),
(2, 'NORTE', 'Direccion Norte', 1);

INSERT INTO Modulos (id_modulo, Nombre, id_sede) VALUES 
(1, 'Módulo 1', 1),
(2, 'Módulo 2', 1),
(3, 'Módulo 3', 1),
(4, 'Módulo 4', 1);



INSERT INTO Tipo_empresa (id_tipo_empresa, Nombre, Descripcion) VALUES 
(1, 'Transporte de Pasajeros', 'Servicios de transporte para pasajeros.'),
(2, 'Transporte de Carga', 'Servicios de transporte para carga.'),
(3, 'Agencia de Viajes', 'Servicios de planificación y venta de viajes.'),
(4, 'Aerolínea', 'Compañía de transporte aéreo de pasajeros y carga.'),
(5, 'Cruceros', 'Servicios de transporte en barcos de crucero.'),
(6, 'Transporte Escolar', 'Servicios de transporte para estudiantes.'),
(7, 'Transporte Turístico', 'Servicios de transporte para el turismo.'),
(8, 'Logística', 'Servicios de gestión logística y de transporte.'),
(9, 'Mensajería', 'Servicios de entrega de documentos y paquetes.'),
(10, 'Alquiler de Vehículos', 'Servicios de alquiler de automóviles.'),
(11, 'Servicio de Limusina', 'Transporte exclusivo en limusinas.'),
(12, 'Transporte de Mercancías Peligrosas', 'Servicios de transporte de materiales peligrosos.'),
(13, 'Transporte de Animales', 'Servicios de transporte para mascotas y animales.'),
(14, 'Transporte de Paquetería', 'Servicios de envío de paquetes.'),
(15, 'Taxi', 'Servicios de transporte en taxis.'),
(16, 'Transporte en Autobús', 'Servicios de transporte en autobuses.'),
(17, 'Transporte por Ferrocarril', 'Servicios de transporte en trenes.'),
(18, 'Transporte Marítimo', 'Servicios de transporte en barcos y buques.'),
(19, 'Transporte Aéreo de Carga', 'Servicios de transporte aéreo para carga.'),
(20, 'Transporte Multimodal', 'Servicios que combinan diferentes modos de transporte.'),
(21, 'Transporte de Envíos Internacionales', 'Servicios de envío de paquetes al extranjero.'),
(22, 'Transporte de Eventos', 'Servicios de transporte para eventos especiales.'),
(23, 'Transporte para Eventos Deportivos', 'Servicios de transporte para eventos deportivos.'),
(24, 'Transporte para Bodas', 'Servicios de transporte para celebraciones de bodas.'),
(25, 'Transporte de Personal', 'Servicios de transporte para empleados.'),
(26, 'Transporte de Proyectos Especiales', 'Servicios de transporte para proyectos específicos.'),
(27, 'Transporte de productos agrícolas', 'Servicios de transporte de productos del campo.'),
(28, 'Transporte de productos químicos', 'Servicios de transporte de productos químicos.'),
(29, 'Transporte de productos perecederos', 'Servicios de transporte de alimentos frescos.'),
(30, 'Transporte de vehículos', 'Servicios de transporte de automóviles.');

INSERT INTO Empresas (id_empresa, Nombre, Telefono, Correo, Direccion, id_tipo_empresa) VALUES 
(860005108, 'Exp Bolivariano OCC', '(601) 4249090', 'viajero.expreso@bolivariano.com.co', 'Diagonal 23 #69A-60 Bgta', 1),
(890302849, 'Exp Palmira OCC', '(602) 3110640', 'servicioalcliente@expresopalmira.com.co', 'Diagonal 23 Bgta', 1),
(860009838, 'Flota Magdalena OCC', '(1)4297118', 'servicioalcliente@flotamagdalena.com.co', 'Diagonal 23 #69-11 Bgta', 1),
(890700189, 'Velotax OCC', '(601)4296984', 'gerencia.general@velotax.com.co', 'Diagonal 23 #69-11 Bgta',1),
(800227937, 'Continental OCC', '(601)4249090', 'contactenos@continentalbus.com.co', 'AV Boyaca #15-69 Bgta', 1),
(890800256, 'Expreso Arauca OCC', '(601)4287153', 'contacto@empresaarauca.com.co', 'Calle 22C #68F-37 Bgta', 1),
(890800657, 'Gran Trans Riotax OCC', '312 8087010', 'taquillabogota@taxlaferia.com.co', 'AV 19 #118-95 Bgta', 1),
(890800184, 'Tax la feria OCC', '(1)12638678', 'pqrstaxlaferiatransporte@taxlaferia.com.co', 'Calle 22C #68F-37 Bgta', 1),
(890700976, 'Rapido Tolima OCC', '312 7815354', 'atencionalcliente@rapidotolimasa.com.co', 'Diagonal 23 #69A-60 Bgta', 1),
(890800543, 'Copetran OCC', '(601)4234567', 'info@copetran.com.co', 'Calle 24 #27-30 Bgta', 1),
(860004987, 'Transportes Luz', '310 5678912', 'contacto@transportesluz.com.co', 'Carrera 10 #15-20 Medellín', 1),
(860008765, 'Expreso Brasilia OCC', '(601)4501234', 'atencionalcliente@expresobrasilia.com.co', 'Carrera 7 #45-60 Bgta', 1),
(890809876, 'Coomotor OCC', '312 6789101', 'ventas@coomotor.com.co', 'Calle 50 #20-15 Neiva', 1),
(890702134, 'TransIpiales OCC', '(601)4556789', 'info@transipiales.com.co', 'Calle 22 #45-67 Bgta', 1),
(890701123, 'Bolivariano Express', '(601)4205678', 'bolivariano@express.com.co', 'Avenida 19 #5-40 Bgta', 1),
(860010001, 'Autofusa', '3101234567', 'info@autofusa.com.co', 'Calle 10 #20-30 Bgta', 1),
(860010002, 'Cotrans', '3209876543', 'contacto@cotrans.com.co', 'Carrera 15 #30-45 Medellín', 1),
(860010003, 'Expreso Gomezvilla', '3123456789', 'servicio@expresogomezvilla.com', 'Calle 50 #70-60 Bgta', 1),
(860010004, 'Expreso Bolivariano', '3135678901', 'contacto@expresobolivariano.com', 'Avenida 19 #7-20 Cali', 1),
(860010005, 'Rapido Duitama', '3146789012', 'ventas@rapidoduitama.com', 'Carrera 12 #5-25 Duitama', 1),
(860010006, 'Cootransfusa', '3157890123', 'servicio@cootransfusa.com', 'Calle 10 #14-50 Fusagasugá', 1),
(860010007, 'Lineas Verdes', '3168901234', 'info@lineasverdes.com', 'Carrera 9 #30-40 Bogotá', 1),
(860010008, 'Flota Boyaca', '3179012345', 'ventas@flotaboyaca.com', 'Carrera 4 #60-35 Tunja', 1),
(860010009, 'Flota Aguila', '3180123456', 'servicio@flotaaguila.com', 'Calle 20 #30-55 Bgta', 1),
(860010010, 'Cootranstequendama', '3191234567', 'info@cootranstequendama.com', 'Carrera 12 #45-15 Soacha', 1),
(860010011, 'Concorde', '3202345678', 'contacto@concordetransporte.com', 'Avenida 30 #10-25 Medellín', 1),
(860010012, 'Taxisverdes', '3213456789', 'info@taxisverdes.com', 'Carrera 15 #40-65 Bgta', 1),
(860010013, 'Berlinas Del Fonce', '3224567890', 'ventas@berlinas.com', 'Calle 25 #30-55 Bucaramanga', 1),
(860010014, 'Flota Santafe', '3235678901', 'info@flotasantafe.com', 'Carrera 5 #25-40 Bgta', 1),
(860010015, 'Coomotorflorencia', '3246789012', 'contacto@coomotorflorencia.com', 'Calle 12 #10-50 Florencia', 1);

INSERT INTO Destinos (id_destino, Nombre, id_modulo, id_ciudad_origen, id_ciudad_destino) VALUES
(1, 'Pereira', 1, 1, 2),
(2, 'Dosquebradas', 2, 2, 3),
(3, 'Santa Rosa de Cabal', 3, 3, 4),
(4, 'Armenia', 4, 4, 5),
(5, 'Montenegro', 1, 5, 6),
(6, 'La Tebaida', 2, 6, 7),
(7, 'Pasto', 3, 7, 8),
(8, 'Ipiales', 4, 8, 9),
(9, 'Tumaco', 1, 9, 10),
(10, 'Quibdó', 2, 10, 11),
(11, 'Istmina', 3, 11, 12),
(12, 'Bahía Solano', 4, 12, 13),
(13, 'Manizales', 1, 13, 14),
(14, 'Villamaría', 2, 14, 15),
(15, 'Chinchiná', 3, 15, 16),
(16, 'Cali', 4, 16, 17),
(17, 'Palmira', 1, 17, 18),
(18, 'Buenaventura', 2, 18, 19),
(19, 'Popayán', 3, 19, 20),
(20, 'Santander de Quilichao', 4, 20, 21),
(21, 'Guapi', 1, 21, 22),
(22, 'La Virginia', 2, 22, 23),
(23, 'Filandia', 3, 23, 24),
(24, 'Tuluá', 4, 24, 25),
(25, 'Riosucio', 1, 25, 26),
(26, 'Cartago', 2, 26, 27),
(27, 'Anserma', 3, 27, 28),
(28, 'El Tambo', 4, 28, 29),
(29, 'El Carmen de Viboral', 1, 29, 30),
(30, 'La Unión', 2, 30, 1);

INSERT INTO Tipo_empleado (id_tipo_empleado, Nombre, Descripcion) VALUES 
(1, 'Conductor', 'Empleado que conduce vehículos'),
(2, 'Administrativo', 'Empleado que realiza tareas administrativas'),
(3, 'Operador de Módulo', 'Empleado encargado de la operación de los módulos'),
(4, 'Mecánico', 'Empleado que repara vehículos'),
(5, 'Auxiliar de Ruta', 'Empleado que asiste a los conductores en ruta'),
(6, 'Técnico', 'Empleado que da soporte técnico'),
(7, 'Asistente de Logística', 'Empleado que apoya la logística de rutas'),
(8, 'Jefe de Sede', 'Encargado de la gestión de la sede'),
(9, 'Vendedor de Boletos', 'Empleado que vende boletos a los clientes'),
(10, 'Gerente General', 'Empleado que gestiona la empresa'),
(11, 'Inspector', 'Empleado que inspecciona los buses'),
(12, 'Supervisor', 'Empleado que supervisa las operaciones'),
(13, 'Encargado de Equipaje', 'Empleado que maneja el equipaje'),
(14, 'Guía de Turismo', 'Empleado que guía a los turistas'),
(15, 'Técnico en Mantenimiento', 'Empleado que mantiene los buses'),
(16, 'Asistente Administrativo', 'Empleado que realiza tareas de soporte administrativo'),
(17, 'Coordinador de Operaciones', 'Empleado que coordina las operaciones'),
(18, 'Atención al Cliente', 'Empleado que atiende a los clientes en las sedes'),
(19, 'Analista de Datos', 'Empleado que analiza los datos de la empresa'),
(20, 'Encargado de Seguridad', 'Empleado que maneja la seguridad de la sede'),
(21, 'Despachador', 'Empleado encargado de coordinar la salida de los vehículos'),
(22, 'Auxiliar Contable', 'Empleado que apoya las tareas contables'),
(23, 'Gestor de Inventario', 'Empleado que gestiona el inventario de repuestos y suministros'),
(24, 'Encargado de Mantenimiento de Infraestructura', 'Empleado que mantiene la infraestructura de las sedes'),
(25, 'Asesor Comercial', 'Empleado que asesora y realiza ventas de servicios'),
(26, 'Jefe de Taller', 'Empleado que supervisa las actividades en el taller de mantenimiento'),
(27, 'Encargado de Relaciones Públicas', 'Empleado que maneja las relaciones con los medios y el público'),
(28, 'Capacitador de Conductores', 'Empleado que capacita a los conductores en habilidades técnicas y de seguridad'),
(29, 'Asistente de Recursos Humanos', 'Empleado que apoya en la gestión de personal y nóminas'),
(30, 'Jefe de Compras', 'Empleado encargado de gestionar las compras de la empresa');

INSERT INTO Empleados (cedula_empleado, Nombres, Apellidos, Telefono, Correo, id_ciudad_origen, id_ciudad_residencia, id_tipo_empleado, id_sede) VALUES 
(1001, 'Carlos', 'González', '3101234567', 'carlos.gonzalez@empresa.com', 1, 3, 11, 1),
(1002, 'Marta', 'Martínez', '3112345678', 'marta.martinez@empresa.com', 7, 24, 12, 1),
(1003, 'Juan', 'Pérez', '3123456789', 'juan.perez@empresa.com', 13, 4, 5, 1),
(1004, 'Luis', 'Rodríguez', '3134567890', 'luis.rodriguez@empresa.com', 24, 5, 7, 1),
(1005, 'Ana', 'García', '3145678901', 'ana.garcia@empresa.com', 25, 15, 25, 1),
(1006, 'José', 'López', '3156789012', 'jose.lopez@empresa.com', 16, 16, 9, 1),
(1007, 'Sofía', 'Gómez', '3167890123', 'sofia.gomez@empresa.com', 2, 3, 17, 1),
(1008, 'Andrés', 'Díaz', '3178901234', 'andres.diaz@empresa.com', 8, 8, 8, 1),
(1009, 'María', 'Suárez', '3189012345', 'maria.suarez@empresa.com', 27, 11 , 19,1),
(1010, 'Jorge', 'Ramírez', '3190123456', 'jorge.ramirez@empresa.com', 10, 1, 10, 1),
(1011, 'Diana', 'Ríos', '3201234567', 'diana.rios@empresa.com', 15, 17, 17, 1),
(1012, 'Felipe', 'Jiménez', '3212345678', 'felipe.jimenez@empresa.com', 10, 15, 10, 1),
(1013, 'Lucía', 'Moreno', '3223456789', 'lucia.moreno@empresa.com', 12, 20, 23, 1),
(1014, 'David', 'Ruiz', '3234567890', 'david.ruiz@empresa.com', 11, 4, 1, 1),
(1015, 'Laura', 'Herrera', '3245678901', 'laura.herrera@empresa.com', 17, 1, 5, 1),
(1016, 'Oscar', 'Castro', '3256789012', 'oscar.castro@empresa.com', 6, 2, 30, 1),
(1017, 'Natalia', 'Santos', '3267890123', 'natalia.santos@empresa.com', 30, 7, 4, 1),
(1018, 'Javier', 'Ortega', '3278901234', 'javier.ortega@empresa.com', 11, 8, 28, 1),
(1019, 'Elena', 'Vargas', '3289012345', 'elena.vargas@empresa.com', 1, 4, 19, 1),
(1020, 'Francisco', 'Blanco', '3290123456', 'francisco.blanco@empresa.com', 20, 20, 20, 1),
(1021, 'Gloria', 'Carrillo', '3301234567', 'gloria.carrillo@empresa.com', 21, 24, 21, 1),
(1022, 'Jose', 'Chamorro', '3301234567', 'jose.chamorro@empresa.com', 19, 9, 7, 1),
(1023, 'Alexander', 'Piero', '3301234567', 'alexander.piero@empresa.com', 12, 4, 14, 1),
(1024, 'Dominic', 'Toreto', '3301234567', 'dominic.toreto@empresa.com', 21, 21, 21, 1),
(1025, 'Dante', 'Alligeri', '3301234567', 'dante.alligeri@empresa.com', 1, 1, 30, 1),
(1026, 'Diego', 'Pertus', '3301234567', 'diego.pertus@empresa.com', 4, 14, 14, 1),
(1027, 'Joe', 'Obama', '3301234567', 'joe.obama@empresa.com', 26, 5, 4, 1),
(1028, 'Pepe', 'Perez', '3301234567', 'pepe.perez@empresa.com', 23, 27, 22, 1),
(1029, 'Hugo', 'Castro', '3301234567', 'hugo.castro@empresa.com', 11, 13, 4, 1),
(1030, 'James', 'Sullivan', '3301234567', 'james.sullivan@empresa.com', 30, 14, 24, 1);

INSERT INTO Tipo_bus (id_tipo_bus, Nombre) VALUES 
(1, 'Aeroban'),
(2, 'Buseta'),
(3, 'Buseton'),
(4, 'Lujo'),
(5, 'Preferencial de Lujo'),
(6, 'Dos Pisos'),
(7, 'Express'),
(8, 'Preferencial Más'),
(9, 'Premium Plus'),
(10, 'Bus Básico ');


INSERT INTO Buses (Placa, Marca, Capacidad, id_tipo_bus, id_empresa, id_empleado) VALUES 
('DEF456', 'Volvo', 40, 7, 860004987, 1002),
('GHI789', 'Chevrolet', 30, 9, 860005108, 1003),
('JKL012', 'Renault', 45, 4, 860008765, 1004),
('MNO345', 'Toyota', 50, 6, 860009838, 1005),
('PQR678', 'Nissan', 20, 2, 860010001, 1006),
('STU901', 'Hyundai', 60, 10, 860010002, 1007),
('VWX234', 'Iveco', 50, 3, 860010003, 1008),
('YZA567', 'Scania', 40, 8, 860010004, 1009),
('BCD890', 'MAN', 35, 1, 860010005, 1010),
('EFG123', 'Isuzu', 30, 5, 860010006, 1011),
('HIJ456', 'Kia', 20, 9, 860010007, 1012),
('KLM789', 'Hino', 40, 4, 860010008, 1013),
('NOP012', 'Fiat', 50, 7, 860010009, 1014),
('QRS345', 'Foton', 60, 6, 890809876, 1015),
('TUV678', 'DAF', 30, 2, 860010010, 1016),
('WXY901', 'Mitsubishi', 35, 8, 860010011, 1017),
('ZAB234', 'Tata', 50, 3, 860010012, 1018),
('CDE567', 'Hino', 40, 10, 860010013, 1019),
('FGH890', 'Berkhof', 60, 1, 860010014, 1020),
('IJK123', 'Van Hool', 45, 5, 860010015, 1021),
('LMN456', 'Setra', 50, 6, 890302849, 1022),
('OPQ789', 'Neoplan', 40, 7, 890700189, 1023),
('RST012', 'Prevost', 30, 4, 890700976, 1024),
('UVW345', 'Temsa', 60, 9, 890701123, 1025),
('XYZ678', 'Karsan', 50, 3, 890702134, 1026),
('ABC901', 'Solaris', 40, 2, 890800184, 1027),
('DEF234', 'Scania', 35, 8, 890800256, 1028),
('GHI567', 'Mercedes-Benz', 50, 1, 890800543, 1029),
('JKL890', 'Volvo', 40, 10, 890800657, 1030);

INSERT INTO Paradas_intermedias (id_parada, Nombre_parada, id_ciudad) VALUES 
(1,  'La Dorada', 13), 
(2,  'La Virginia', 22), 
(3,  'Belén de Umbría', 1), 
(4,  'Calarcá', 4),
(5,  'Quimbaya', 23), 
(6,  'El Cerrito', 16), 
(7,  'El Bordo', 19), 
(8,  'Buesaco', 7), 
(9,  'La Unión', 30), 
(10, 'La Sierra', 19), 
(11, 'Sonsón', 13), 
(12, 'Buenaventura', 18), 
(13, 'San Juan de Pasto', 7), 
(14, 'Guarne', 29), 
(15, 'Ipiales', 8), 
(16, 'Guapi ', 21),
(17, 'La Tebaida', 6),
(18, 'Riosucio', 25), 
(19, 'Tado', 11), 
(20, 'Rosario', 8), 
(21, 'Andagoya', 10), 
(22, 'Trujillo', 24), 
(23, 'San Nicolás', 19), 
(24, 'Rio Cali', 16), 
(25, 'Montelibano', 26),
(26, 'El Tambo', 28), 
(27, 'Chiminangos', 16),
(28, 'Candelaria', 16),
(29, 'San Pedro', 29), 
(30, 'Envigado', 1); 

INSERT INTO Rutas (id_ruta, Nombre, id_paradas_intermedias) VALUES 
(1,  'Bogotá - Pereira', 1),   
(2,  'Bogotá - Dosquebradas', 2),  
(3,  'Bogotá - Santa Rosa de Cabal', 3), 
(4,  'Bogotá - Armenia', 4),  
(5,  'Bogotá - Montenegro', 5),  
(6,  'Bogotá - La Tebaida', 17), 
(7,  'Bogotá - Pasto', 13), 
(8,  'Bogotá - Ipiales', 15), 
(9,  'Bogotá - Tumaco', 8), 
(10, 'Bogotá - Quibdó', 10), 
(11, 'Bogotá - Istmina', 11), 
(12, 'Bogotá - Bahía Solano', 19), 
(13, 'Bogotá - Manizales', 13), 
(14, 'Bogotá - Villamaría', 22), 
(15, 'Bogotá - Chinchiná', 15), 
(16, 'Bogotá - Pereira', 1),   
(17, 'Bogotá - Dosquebradas', 2),  
(18, 'Bogotá - Santa Rosa de Cabal', 3),  
(19, 'Bogotá - Armenia', 4),  
(20, 'Bogotá - Pasto', 13), 
(21, 'Bogotá - Quibdó', 10), 
(22, 'Bogotá - Manizales', 13), 
(23, 'Bogotá - Cali', 16), 
(24, 'Bogotá - Buenaventura', 12), 
(25, 'Bogotá - Popayán', 19), 
(26, 'Bogotá - Santander de Quilichao', 19), 
(27, 'Bogotá - Cartago', 25), 
(28, 'Bogotá - Tuluá', 22), 
(29, 'Bogotá - El Carmen de Viboral', 29), 
(30, 'Bogotá - La Unión', 9); 

INSERT INTO Detalle_Destinos_Rutas(id_destino, id_ruta) VALUES
(1, 1),   
(2, 2),   
(3, 3),   
(4, 4),   
(5, 5),   
(6, 6),   
(7, 7),   
(8, 8),   
(9, 9),   
(10, 10),  
(11, 11),  
(12, 12),  
(13, 13),  
(14, 14),  
(15, 15),  
(16, 16),  
(17, 17),  
(18, 18),  
(19, 19), 
(20, 20), 
(21, 21), 
(22, 22), 
(23, 23), 
(24, 24), 
(25, 25),
(26, 26), 
(27, 27), 
(28, 28), 
(29, 29), 
(30, 30);


INSERT INTO Detalle_Buses_Rutas (id_destino, id_bus) VALUES
(1, 'DEF456'),
(2, 'GHI789'),
(3, 'JKL012'),
(4, 'MNO345'),
(5, 'PQR678'),
(6, 'STU901'),
(7, 'VWX234'),
(8, 'YZA567'),
(9, 'BCD890'),
(10, 'EFG123'),
(11, 'HIJ456'),
(12, 'KLM789'),
(13, 'NOP012'),
(14, 'QRS345'),
(15, 'TUV678'),
(16, 'WXY901'),
(17, 'ZAB234'),
(18, 'CDE567'),
(19, 'FGH890'),
(20, 'IJK123'),
(21, 'LMN456'),
(22, 'OPQ789'),
(23, 'RST012'),
(24, 'UVW345'),
(25, 'XYZ678'),
(26, 'ABC901'),
(27, 'DEF234'),
(28, 'GHI567'),
(29, 'JKL890'),
(30, 'DEF456'); 

INSERT INTO Tipo_cliente (id_tipo_cliente, Nombre, Descripcion) VALUES 
(1, 'Particular', 'Clientes individuales que compran boletos.'),
(2, 'Empresarial', 'Clientes que representan a una empresa.'),
(3, 'Estudiante', 'Clientes que tienen descuentos por ser estudiantes.'),
(4, 'Turista', 'Clientes que están de visita en la ciudad.'),
(5, 'Mayorista', 'Clientes que compran en grandes cantidades.'),
(6, 'VIP', 'Clientes con trato preferencial y beneficios exclusivos.'),
(7, 'Familiar', 'Clientes que viajan en grupo familiar.'),
(8, 'Jubilado', 'Clientes mayores con descuentos especiales.'),
(9, 'Grupo Escolar', 'Clientes que viajan como parte de una institución educativa.'),
(10, 'Grupo Empresarial', 'Clientes que viajan en grupos de trabajo.'),
(11, 'Agencia de Viajes', 'Clientes que son agencias que compran boletos para terceros.'),
(12, 'Cuerpo Diplomático', 'Clientes del cuerpo diplomático con condiciones especiales.'),
(13, 'Frecuente', 'Clientes que viajan con frecuencia y tienen beneficios.'),
(14, 'Socios', 'Clientes que son miembros de un programa de lealtad.'),
(15, 'Visitante', 'Clientes que están de paso y requieren servicios temporales.'),
(16, 'Organización Sin Fines de Lucro', 'Clientes que representan ONGs.'),
(17, 'Grupo Cultural', 'Clientes que organizan viajes culturales.'),
(18, 'Miembro de Club', 'Clientes que pertenecen a un club con beneficios.'),
(19, 'Institución Educativa', 'Clientes que representan a escuelas o colegios.'),
(20, 'Entidades Gubernamentales', 'Clientes que representan organismos del gobierno.'),
(21, 'Grupo Deportivo', 'Clientes que viajan para actividades deportivas.'),
(22, 'Familia Numerosa', 'Clientes con descuentos especiales para familias grandes.'),
(23, 'Nuevos Clientes', 'Clientes que utilizan los servicios por primera vez.'),
(24, 'Clientes Corporativos', 'Clientes de empresas que utilizan el servicio regularmente.'),
(25, 'Clientes Habituales', 'Clientes que utilizan el servicio de manera continua.'),
(26, 'Clientes de Eventos', 'Clientes que compran boletos para eventos específicos.'),
(27, 'Clientes de Transporte Escolar', 'Clientes que requieren servicios de transporte escolar.'),
(28, 'Cliente con Discapacidad', 'Clientes que tienen necesidades especiales.'),
(29, 'Clientes de Bienestar', 'Clientes que buscan servicios relacionados con el bienestar.'),
(30, 'Clientes de Turismo de Aventura', 'Clientes que buscan experiencias de aventura.');

INSERT INTO Cliente (id_cliente, Nombres, Apellidos, Telefono, Correo, id_tipo_cliente, id_ciudad_origen, id_ciudad_residencia) VALUES
(1, 'Juan', 'Pérez', '(57) 300-555-1234', 'juan.perez@gmail.com', 4, 4, 15),
(2, 'María', 'Gómez', '(57) 300-555-5678', 'maria.gomez@hotmail.com', 9, 12, 13),
(3, 'Carlos', 'López', '(57) 300-555-8765', 'carlos.lopez@gmail.com', 22, 3, 1),
(4, 'Ana', 'Torres', '(57) 300-555-4321', 'ana.torres@hotmail.com', 21, 11, 13),
(5, 'Luis', 'Martínez', '(57) 300-555-3456', 'luis.martinez@gmail.com', 10, 20, 14),
(6, 'Elena', 'Hernández', '(57) 300-555-6543', 'elena.hernandez@hotmail.com', 14, 14, 4),
(7, 'Fernando', 'Ramírez', '(57) 300-555-7890', 'fernando.ramirez@gmail.com', 30, 23, 12),
(8, 'Sofía', 'Castaño', '(57) 300-555-2109', 'sofia.castano@hotmail.com', 1, 2, 3),
(9, 'Diego', 'Reyes', '(57) 300-555-0987', 'diego.reyes@gmail.com', 1, 9, 8),
(10, 'Valentina', 'Salazar', '(57) 300-555-1234', 'valentina.salazar@hotmail.com', 24, 7, 17),
(11, 'Andrés', 'Quintero', '(57) 300-555-5678', 'andres.quintero@gmail.com', 8, 3, 30),
(12, 'Laura', 'Pineda', '(57) 300-555-8765', 'laura.pineda@hotmail.com', 27, 4, 13),
(13, 'Felipe', 'Mora', '(57) 300-555-4321', 'felipe.mora@gmail.com', 16, 25, 15),
(14, 'Natalia', 'Duarte', '(57) 300-555-3456', 'natalia.duarte@hotmail.com', 2, 4, 9),
(15, 'Javier', 'García', '(57) 300-555-6543', 'javier.garcia@gmail.com', 9, 5, 4),
(16, 'Camila', 'Vega', '(57) 300-555-7890', 'camila.vega@hotmail.com', 6, 30, 8),
(17, 'Samuel', 'Bermúdez', '(57) 300-555-2109', 'samuel.bermudez@gmail.com', 14, 22, 23),
(18, 'Isabella', 'Cardenas', '(57) 300-555-0987', 'isabella.cardenas@hotmail.com', 28, 14, 4),
(19, 'Mateo', 'Zapata', '(57) 300-555-1234', 'mateo.zapata@gmail.com', 28, 17, 18),
(20, 'Santiago', 'Ocampo', '(57) 300-555-5678', 'santiago.ocampo@hotmail.com', 19, 24, 24),
(21, 'Renata', 'Peña', '(57) 300-555-8765', 'renata.pena@gmail.com', 25, 13, 16),
(22, 'Emilio', 'Rincón', '(57) 300-555-4321', 'emilio.rincon@hotmail.com', 18, 24, 30),
(23, 'Gabriela', 'González', '(57) 300-555-3456', 'gabriela.gonzalez@gmail.com', 21, 17, 6),
(24, 'Arturo', 'Pérez', '(57) 300-555-6543', 'arturo.perez@hotmail.com', 2, 30, 1),
(25, 'Valeria', 'Mendez', '(57) 300-555-7890', 'valeria.mendez@gmail.com', 20, 4, 11),
(26, 'Cristian', 'Téllez', '(57) 300-555-2109', 'cristian.tellez@hotmail.com', 11, 14, 27),
(27, 'Silvia', 'Salinas', '(57) 300-555-0987', 'silvia.salinas@gmail.com', 7, 30, 13),
(28, 'Nicolás', 'López', '(57) 300-555-1234', 'nicolas.lopez@hotmail.com', 8, 27, 4),
(29, 'Lucía', 'Jaramillo', '(57) 300-555-5678', 'lucia.jaramillo@gmail.com', 28, 1, 8),
(30, 'Hugo', 'Cordero', '(57) 300-555-8765', 'hugo.cordero@hotmail.com', 11, 22, 11);


INSERT INTO Tipo_mantenimiento (id_tipo_mantenimiento, Nombre, Descripcion) VALUES 
(1, 'Revisión General', 'Mantenimiento preventivo que incluye chequeo de sistemas.'),
(2, 'Cambio de Aceite', 'Sustitución de aceite del motor y otros fluidos.'),
(3, 'Revisión de Frenos', 'Chequeo y ajuste del sistema de frenos.'),
(4, 'Revisión de Neumáticos', 'Inspección de la presión y desgaste de los neumáticos.'),
(5, 'Revisión de Luces', 'Chequeo del sistema de iluminación del vehículo.'),
(6, 'Cambio de Filtros', 'Sustitución de filtros de aire y aceite.'),
(7, 'Mantenimiento del Motor', 'Inspección y ajuste de componentes del motor.'),
(8, 'Mantenimiento del Sistema Eléctrico', 'Chequeo de batería, alternador y cableado.'),
(9, 'Ajuste de Suspensión', 'Inspección y ajuste del sistema de suspensión.'),
(10, 'Revisión del Sistema de Escape', 'Inspección del sistema de escape y emisión de gases.'),
(11, 'Revisión de Sistemas de Refrigeración', 'Chequeo del radiador y nivel de refrigerante.'),
(12, 'Mantenimiento de Transmisión', 'Inspección y ajuste del sistema de transmisión.'),
(13, 'Revisión de Sistemas de Combustible', 'Chequeo del sistema de inyección y filtros de combustible.'),
(14, 'Mantenimiento de Aire Acondicionado', 'Inspección y recarga del sistema de aire acondicionado.'),
(15, 'Reemplazo de Batería', 'Sustitución de la batería del vehículo.'),
(16, 'Limpieza de Inyectores', 'Limpieza y mantenimiento de los inyectores de combustible.'),
(17, 'Inspección de Correas', 'Chequeo y ajuste de correas de distribución y accesorios.'),
(18, 'Revisión de Calefacción', 'Chequeo del sistema de calefacción del vehículo.'),
(19, 'Prueba de Emisiones', 'Chequeo del cumplimiento de normas de emisiones.'),
(20, 'Mantenimiento de Fugas', 'Inspección y reparación de fugas de fluidos.'),
(21, 'Revisión de Termostato', 'Chequeo del termostato del sistema de refrigeración.'),
(22, 'Ajuste de Volante', 'Inspección y ajuste del sistema de dirección.'),
(23, 'Mantenimiento de Sistema de Navegación', 'Chequeo y actualización del sistema de navegación.'),
(24, 'Verificación de Equipamiento de Seguridad', 'Chequeo de cinturones, airbags y otros sistemas de seguridad.'),
(25, 'Inspección de Chasis', 'Chequeo del chasis y estructuras del vehículo.'),
(26, 'Mantenimiento de Sistemas de Audio', 'Chequeo y reparación del sistema de audio del vehículo.'),
(27, 'Verificación de Documentación', 'Chequeo de documentos necesarios para el vehículo.'),
(28, 'Mantenimiento de Tapicería', 'Limpieza y mantenimiento de la tapicería del vehículo.'),
(29, 'Revisión de Tecnología de Conducción Asistida', 'Chequeo de sistemas de asistencia al conductor.'),
(30, 'Mantenimiento Estacional', 'Mantenimiento específico según la estación del año.');

INSERT INTO Mantenimientos (id_mantenimiento, Descripcion, Fecha_mantenimiento, id_tipo_mantenimiento, id_bus) VALUES 
(1, 'Revisión general del vehículo', '2024-01-10', 1, 'DEF456'),
(2, 'Cambio de aceite y filtros', '2024-01-15', 2, 'GHI789'),
(3, 'Chequeo del sistema de frenos', '2024-01-20', 3, 'JKL012'),
(4, 'Inspección de neumáticos', '2024-01-25', 4, 'MNO345'),
(5, 'Revisión del sistema de luces', '2024-02-05', 5, 'PQR678'),
(6, 'Cambio de filtro de aire', '2024-02-10', 6, 'STU901'),
(7, 'Mantenimiento del motor', '2024-02-15', 7, 'VWX234'),
(8, 'Chequeo del sistema eléctrico', '2024-02-20', 8, 'YZA567'),
(9, 'Ajuste de suspensión', '2024-03-01', 9, 'BCD890'),
(10, 'Inspección del sistema de escape', '2024-03-05', 10, 'EFG123'),
(11, 'Revisión de refrigerante', '2024-03-10', 11, 'HIJ456'),
(12, 'Mantenimiento de transmisión', '2024-03-15', 12, 'KLM789'),
(13, 'Chequeo del sistema de combustible', '2024-03-20', 13, 'NOP012'),
(14, 'Mantenimiento de aire acondicionado', '2024-04-01', 14, 'QRS345'),
(15, 'Reemplazo de batería', '2024-04-05', 15, 'TUV678'),
(16, 'Limpieza de inyectores', '2024-04-10', 16, 'WXY901'),
(17, 'Inspección de correas', '2024-04-15', 17, 'ZAB234'),
(18, 'Revisión de calefacción', '2024-04-20', 18, 'CDE567'),
(19, 'Prueba de emisiones', '2024-05-01', 19, 'FGH890'),
(20, 'Mantenimiento de fugas', '2024-05-05', 20, 'IJK123'),
(21, 'Chequeo del termostato', '2024-05-10', 21, 'LMN456'),
(22, 'Ajuste de volante', '2024-05-15', 22, 'OPQ789'),
(23, 'Mantenimiento de navegación', '2024-05-20', 23, 'RST012'),
(24, 'Verificación de seguridad', '2024-06-01', 24, 'UVW345'),
(25, 'Inspección de chasis', '2024-06-05', 25, 'XYZ678'),
(26, 'Mantenimiento de audio', '2024-06-10', 26, 'ABC901'),
(27, 'Verificación de documentación', '2024-06-15', 27, 'DEF234'),
(28, 'Mantenimiento de tapicería', '2024-06-20', 28, 'GHI567'),
(29, 'Revisión de tecnología asistida', '2024-07-01', 29, 'JKL890'),
(30, 'Mantenimiento estacional', '2024-07-05', 30, 'ABC901');


INSERT INTO Metodo_pago (id_metodo_pago, Nombre) VALUES 
(1, 'Efectivo'),
(2, 'Tarjeta de Crédito'),
(3, 'Tarjeta de Débito'),
(4, 'Transferencia Bancaria'),
(5, 'PayPal'),
(6, 'Apple Pay'),
(7, 'Google Pay'),
(8, 'Criptomonedas'),
(9, 'Cheque'),
(10, 'Pago en Línea'),
(11, 'Billetera Electrónica'),
(12, 'Pago Móvil'),
(13, 'Puntos de Fidelidad'),
(14, 'Financiamiento'),
(15, 'Pago Anticipado'),
(16, 'Descuentos por Anticipación'),
(17, 'Pagos Recurrentes'),
(18, 'Tarjeta de Regalo'),
(19, 'Descuento por Contado'),
(20, 'Cuentas de Ahorro'),
(21, 'Sistema de Abono'),
(22, 'Pago por Aplicación'),
(23, 'Financiamiento a Plazos'),
(24, 'Intercambio de Servicios'),
(25, 'Pagos a través de SMS'),
(26, 'Descuento por Membresía'),
(27, 'Plataformas de Crowdfunding'),
(28, 'Aportes de Capital'),
(29, 'Pagos Diferidos'),
(30, 'Pagos por Puntos de Venta');

INSERT INTO Seguro (id_seguro, Nombre, Descripcion, id_empresa) VALUES 
(1, 'Seguro de Responsabilidad Civil', 'Cubre daños a terceros.', 860005108),
(2, 'Seguro a Todo Riesgo', 'Cubre daños al vehículo y a terceros.', 890302849),
(3, 'Seguro de Accidentes Personales', 'Cubre lesiones personales.', 860009838),
(4, 'Seguro de Robo', 'Cubre robo del vehículo.', 890700189),
(5, 'Seguro de Daños Propios', 'Cubre daños al propio vehículo.', 800227937),
(6, 'Seguro de Asistencia Vial', 'Asistencia en carretera.', 860005108),
(7, 'Seguro de Responsabilidad Civil Profesional', 'Cubre daños por errores profesionales.', 890302849),
(8, 'Seguro de Vida', 'Cubre fallecimiento del asegurado.', 860009838),
(9, 'Seguro de Salud', 'Cubre gastos médicos.', 890700189),
(10, 'Seguro de Viaje', 'Cubre imprevistos durante viajes.', 800227937),
(11, 'Seguro de Ingresos', 'Cubre pérdida de ingresos.', 860005108),
(12, 'Seguro de Propiedad', 'Cubre daños a la propiedad.', 890302849),
(13, 'Seguro de Embarcaciones', 'Cubre daños a embarcaciones.', 860009838),
(14, 'Seguro de Incendio', 'Cubre daños por incendio.', 890700189),
(15, 'Seguro de Invalidez', 'Cubre invalidez permanente.', 800227937),
(16, 'Seguro de Accidentes de Trabajo', 'Cubre accidentes laborales.', 860005108),
(17, 'Seguro de Automóviles Clásicos', 'Cubre vehículos clásicos.', 890302849),
(18, 'Seguro de Alquiler', 'Cubre daños en propiedades de alquiler.', 860009838),
(19, 'Seguro de Protección de Datos', 'Cubre violaciones de datos.', 890700189),
(20, 'Seguro de Ciberseguridad', 'Cubre riesgos cibernéticos.', 800227937),
(21, 'Seguro de Construcción', 'Cubre riesgos en proyectos de construcción.', 860005108),
(22, 'Seguro de Responsabilidad Ambiental', 'Cubre daños ambientales.', 890302849),
(23, 'Seguro de Riesgo Político', 'Cubre riesgos políticos.', 860009838),
(24, 'Seguro de Interrupción de Negocios', 'Cubre pérdida de ingresos por interrupciones.', 890700189),
(25, 'Seguro de Vida a Plazo', 'Cubre fallecimiento durante un plazo determinado.', 800227937),
(26, 'Seguro de Salud Familiar', 'Cubre salud de toda la familia.', 860005108),
(27, 'Seguro de Responsabilidad Profesional', 'Cubre errores profesionales.', 890302849),
(28, 'Seguro de Transporte', 'Cubre daños durante el transporte de mercancías.', 860009838),
(29, 'Seguro de Alquiler de Vehículos', 'Cubre alquiler de vehículos.', 890700189),
(30, 'Seguro de Protección de Hipotecas', 'Cubre riesgos en hipotecas.', 800227937);

INSERT INTO Viajes (id_viaje, Fecha_salida, Valor, id_bus, id_conductor, id_ruta, id_ciudad_origen, id_ciudad_destino) VALUES 
(1, '2024-01-01 08:00:00', 150000, 'DEF456', 1001, 1, 1, 2),
(2, '2024-01-02 09:00:00', 200000, 'GHI789', 1002, 2, 2, 3),
(3, '2024-01-03 10:00:00', 250000, 'JKL012', 1003, 3, 3, 4),
(4, '2024-01-04 11:00:00', 300000, 'MNO345', 1004, 4, 1, 5),
(5, '2024-01-05 12:00:00', 35000, 'PQR678', 1005, 5, 2, 6),
(6, '2024-01-06 13:00:00', 40000, 'STU901', 1006, 1, 1, 2),
(7, '2024-01-07 14:00:00', 45000, 'VWX234', 1007, 2, 2, 3),
(8, '2024-01-08 15:00:00', 50000, 'YZA567', 1008, 3, 3, 4),
(9, '2024-01-09 16:00:00', 55000, 'BCD890', 1009, 4, 1, 5),
(10, '2024-01-10 17:00:00', 60000, 'EFG123', 1010, 5, 2, 6),
(11, '2024-01-11 18:00:00', 65000, 'HIJ456', 1011, 6, 3, 7),
(12, '2024-01-12 19:00:00', 70000, 'KLM789', 1012, 1, 1, 2),
(13, '2024-01-13 20:00:00', 75000, 'NOP012', 1013, 2, 2, 3),
(14, '2024-01-14 21:00:00', 80000, 'QRS345', 1014, 3, 3, 4),
(15, '2024-01-15 22:00:00', 85000, 'TUV678', 1015, 4, 1, 5),
(16, '2024-01-16 23:00:00', 90000, 'WXY901', 1016, 5, 2, 6),
(17, '2024-01-17 08:30:00', 95000, 'ZAB234', 1017, 6, 3, 7),
(18, '2024-01-18 09:30:00', 100000, 'CDE567', 1018, 1, 1, 2),
(19, '2024-01-19 10:30:00', 105000, 'FGH890', 1019, 2, 2, 3),
(20, '2024-01-20 11:30:00', 110000, 'IJK123', 1020, 3, 3, 4),
(21, '2024-01-21 12:30:00', 115000, 'LMN456', 1021, 4, 1, 5),
(22, '2024-01-22 13:30:00', 120000, 'OPQ789', 1022, 5, 2, 6),
(23, '2024-01-23 14:30:00', 125000, 'RST012', 1023, 6, 3, 7),
(24, '2024-01-24 15:30:00', 130000, 'UVW345', 1024, 1, 1, 2),
(25, '2024-01-25 16:30:00', 135000, 'XYZ678', 1025, 2, 2, 3),
(26, '2024-01-26 17:30:00', 140000, 'ABC901', 1026, 3, 3, 4),
(27, '2024-01-27 18:30:00', 145000, 'DEF234', 1027, 4, 1, 5),
(28, '2024-01-28 19:30:00', 150000, 'GHI567', 1028, 5, 2, 6),
(29, '2024-01-29 20:30:00', 155000, 'JKL890', 1029, 6, 3, 7),
(30, '2024-01-30 21:30:00', 160000, 'ABC901', 1030, 1, 1, 2);



INSERT INTO Boletos (id_boleto, Numero_asiento, id_destino, id_empresa, id_bus, id_ruta ) VALUES 
(1, 1, 1, 860005108, 'DEF456', 1 ),
(2, 2, 2, 860004987, 'GHI789', 2 ),
(3, 3, 3, 860010004, 'JKL012', 3 ),
(4, 4, 4, 860005108, 'MNO345', 4 ),
(5, 5, 5, 860008765, 'PQR678', 5 ),
(6, 6, 6, 860010013, 'STU901', 6 ),
(7, 7, 7, 890700189, 'HIJ456', 7 ),
(8, 8, 8, 860010013, 'QRS345', 8 ),
(9, 9, 9, 890800543, 'EFG123', 9 ),
(10, 10, 10, 860009838, 'HIJ456', 10 ),
(11, 11, 11, 890809876, 'IJK123', 11 ),
(12, 12, 12, 860010004, 'GHI567', 12 ),
(13, 13, 13, 890700189, 'JKL890', 13 ),
(14, 14, 14, 860008765, 'QRS345', 14 ),
(15, 15, 15, 860008765, 'HIJ456', 15 ),
(16, 16, 16, 890800543, 'DEF456', 16 ),
(17, 17, 17, 860005108, 'STU901', 17 ),
(18, 18, 18, 890701123, 'OPQ789', 18 ),
(19, 19, 19, 890800543, 'RST012', 19 ),
(20, 20, 20, 890701123, 'UVW345', 20 ),
(21, 21, 21, 860005108, 'WXY901', 21 ),
(22, 22, 22, 860005108, 'ZAB234', 22 ),
(23, 23, 23, 860005108, 'ABC901', 23 ),
(24, 24, 24, 860005108, 'FGH890', 24 ),
(25, 25, 25, 860005108, 'CDE567', 25 ),
(26, 26, 26, 860005108, 'GHI567', 26 ),
(27, 27, 27, 860005108, 'QRS345', 27 ),
(28, 28, 28, 860005108, 'JKL012', 28 ),
(29, 29, 29, 890800543, 'GHI789', 29 ),
(30, 30, 30, 890800543, 'MNO345', 30 );

INSERT INTO Equipaje (id_equipaje, Peso, Descripcion, id_cliente, id_boleto) VALUES
(1, 20.0, 'Maleta de mano', 1, 1),
(2, 15.0, 'Equipaje personal', 2, 2),
(3, 25.0, 'Maleta grande', 3, 3),
(4, 10.0, 'Bolso de viaje', 4, 4),
(5, 18.0, 'Mochila', 5, 5),
(6, 22.0, 'Maleta de ruedas', 6, 6),
(7, 30.0, 'Equipaje adicional', 7, 7),
(8, 5.0, 'Portátil', 8, 8),
(9, 12.0, 'Bolso de mano', 9, 9),
(10, 8.0, 'Maleta pequeña', 10, 10),
(11, 20.0, 'Equipaje de cabina', 11, 11),
(12, 15.0, 'Maleta de viaje', 12, 12),
(13, 25.0, 'Mochila grande', 13, 13),
(14, 10.0, 'Bolso de laptop', 14, 14),
(15, 18.0, 'Maleta de ropa', 15, 15),
(16, 22.0, 'Equipaje frágil', 16, 16),
(17, 30.0, 'Equipaje de mano', 17, 17),
(18, 5.0, 'Cámara', 18, 18),
(19, 12.0, 'Maleta de deporte', 19, 19),
(20, 8.0, 'Bolso de viaje', 20, 20),
(21, 20.0, 'Maleta de mano', 21, 21),
(22, 15.0, 'Equipaje personal', 22, 22),
(23, 25.0, 'Maleta grande', 23, 23),
(24, 10.0, 'Bolso de viaje', 24, 24),
(25, 18.0, 'Mochila', 25, 25),
(26, 22.0, 'Maleta de ruedas', 26, 26),
(27, 30.0, 'Equipaje adicional', 27, 27),
(28, 5.0, 'Portátil', 28, 28),
(29, 12.0, 'Bolso de mano', 29, 2),
(30, 8.0, 'Maleta pequeña', 30, 30);

INSERT INTO Factura (id_factura, Fecha_facturacion, Valor_total, id_cliente, id_empleado, id_boleto, id_seguro, id_equipaje, id_viaje, id_metodo_pago) VALUES
(1, '2024-01-01 07:30:00', 185000, 1, 1001, 1, 1, 1, 1, 1),
(2, '2024-01-02 08:30:00', 99000, 2, 1002, 2, 2, 2, 2, 2),
(3, '2024-01-03 09:30:00', 134000, 3, 1003, 3, 3, 3, 3, 3),
(4, '2024-01-04 10:30:00', 177000, 4, 1004, 4, 4, 4, 4, 4),
(5, '2024-01-05 11:30:00', 122000, 5, 1005, 5, 5, 5, 5, 5),
(6, '2024-01-06 12:30:00', 195000, 6, 1006, 6, 6, 6, 6, 6),
(7, '2024-01-07 13:30:00', 178000, 7, 1007, 7, 7, 7, 7, 7),
(8, '2024-01-08 14:30:00', 162000, 8, 1008, 8, 8, 8, 8, 8),
(9, '2024-01-09 15:30:00', 139000, 9, 1009, 9, 9, 9, 9, 9),
(10, '2024-01-10 16:30:00', 153000, 10, 1010, 10, 10, 10, 10, 10),
(11, '2024-01-11 17:30:00', 123000, 11, 1011, 11, 11, 11, 11, 11),
(12, '2024-01-12 18:30:00', 158000, 12, 1012, 12, 12, 12, 12, 12),
(13, '2024-01-13 19:30:00', 111000, 13, 1013, 13, 13, 13, 13, 13),
(14, '2024-01-14 20:30:00', 140000, 14, 1014, 14, 14, 14, 14, 14),
(15, '2024-01-15 21:30:00', 192000, 15, 1015, 15, 15, 15, 15, 15),
(16, '2024-01-16 22:30:00', 101000, 16, 1016, 16, 16, 16, 16, 16),
(17, '2024-01-17 08:45:00', 198000, 17, 1017, 17, 17, 17, 17, 17),
(18, '2024-01-18 09:45:00', 126000, 18, 1018, 18, 18, 18, 18, 18),
(19, '2024-01-19 10:45:00', 136000, 19, 1019, 19, 19, 19, 19, 19),
(20, '2024-01-20 11:45:00', 165000, 20, 1020, 20, 20, 20, 20, 20),
(21, '2024-01-21 12:45:00', 155000, 21, 1021, 21, 21, 21, 21, 21),
(22, '2024-01-22 13:45:00', 172000, 22, 1022, 22, 22, 22, 22, 22),
(23, '2024-01-23 14:45:00', 187000, 23, 1023, 23, 23, 23, 23, 23),
(24, '2024-01-24 15:45:00', 192000, 24, 1024, 24, 24, 24, 24, 24),
(25, '2024-01-25 16:45:00', 189000, 25, 1025, 25, 25, 25, 25, 25),
(26, '2024-01-26 17:45:00', 121000, 26, 1026, 26, 26, 26, 26, 26),
(27, '2024-01-27 18:45:00', 175000, 27, 1027, 27, 27, 27, 27, 27),
(28, '2024-01-28 19:45:00', 154000, 28, 1028, 28, 28, 28, 28, 28),
(29, '2024-01-29 20:45:00', 133000, 29, 1029, 29, 29, 29, 29, 29),
(30, '2024-01-30 21:45:00', 141000, 30, 1030, 30, 30, 30, 30, 30);
